,Country,Year,Exports (Extra-EU) (THOUSAND TONS),Exports (Intra-EU) (THOUSAND TONS),Imports (Extra-EU) (THOUSAND TONS),Imports (Intra-EU) (THOUSAND TONS),Area (SQ.KM.),Total Population (THOUSAND PEOPLE),Total Exports (THOUSAND TONS),Total Imports (THOUSAND TONS)
1117,Austria,2002,3.227088,13.033619,17.57201,146.206248,83871,8059.591,16.260707,163.778258
1118,Austria,2003,3.610107,19.90553,21.626479,167.255916,83871,8098.393,23.515636999999998,188.882395
1119,Austria,2004,2.773789,18.605083,26.475557,180.753277,83871,8141.815,21.378872,207.228834
1120,Austria,2005,2.853383,22.794955,34.299829,167.505189,83871,8200.618,25.648338000000003,201.80501800000002
1121,Austria,2006,2.403822,22.471847,17.946673,178.540804,83871,8253.451,24.875669000000002,196.487477
1122,Austria,2007,2.204314,24.183663,13.891296,196.877579,83871,8282.076,26.387977,210.768875
1123,Austria,2008,2.488143,25.367525,25.07374,177.242442,83871,8307.368,27.855668,202.31618200000003
1124,Austria,2009,2.52141,27.041035,24.17061,183.78326,83871,8334.895,29.562445,207.95387000000002
1125,Austria,2010,3.676149,36.246378,33.868954,189.346631,83871,8350.976,39.922527,223.215585
1126,Austria,2011,8.250649,28.88966,34.823915,191.241098,83871,8374.682,37.140309,226.065013
1127,Austria,2012,2.954241,30.357015,27.546927,210.448448,83871,8407.717,33.311256,237.99537500000002
1128,Austria,2013,5.775612,27.630044,11.615626,214.093894,83871,8451.556,33.405656,225.70952
1129,Austria,2014,3.207924,28.397768,18.706412,224.855308,83871,8507.522,31.605691999999998,243.56172
1130,Austria,2015,3.111707,24.355169,14.664917,218.029061,83871,8584.609,27.466876,232.69397800000002
1131,Austria,2016,3.203476,28.783567,24.608718,225.09916,83871,8700.233,31.987043,249.70787800000002
1132,Austria,2017,3.508968,38.771249,36.872189,206.520129,83871,8772.74,42.280217,243.392318
1133,Austria,2018,4.999088,40.37441,32.168733,220.980724,83871,8822.252,45.373498,253.149457
1134,Austria,2019,6.984909,49.660196,33.388124,239.520731,83871,8858.773,56.645105,272.908855
1135,Austria,2020,6.90235,69.060655,33.723505,274.717906,83871,8901.106,75.963005,308.441411
1136,Austria,2021,2.563139,98.603304,62.531487,266.631859,83871,8914.448,101.166443,329.16334600000005
1137,Austria,2022,2.525539,91.983636,57.172054,273.643692,83871,8929.716,94.509175,330.815746
2840,Belgium,2002,17.708729,212.423141,9.849837,311.44091,30528,10332.714,230.13187,321.29074699999995
2841,Belgium,2003,20.952483,236.326234,11.433219,313.168506,30528,10378.423,257.27871700000003,324.601725
2842,Belgium,2004,25.057097,238.94842,23.751426,280.935754,30528,10426.678,264.005517,304.68717999999996
2843,Belgium,2005,27.739803,239.289945,20.505133,295.748314,30528,10485.647,267.029748,316.253447
2844,Belgium,2006,29.341688,238.955672,20.54097,289.97694,30528,10548.309,268.29735999999997,310.51791000000003
2845,Belgium,2007,38.52352,251.830034,18.153272,333.198854,30528,10617.641,290.35355400000003,351.352126
2846,Belgium,2008,44.816035,227.482161,32.28984,349.081437,30528,10689.752,272.29819599999996,381.37127699999996
2847,Belgium,2009,38.836626,238.387864,21.39714,346.355647,30528,10763.68,277.22449,367.75278699999996
2848,Belgium,2010,44.524463,252.778801,39.868242,351.679718,30528,10839.033,297.303264,391.54796
2849,Belgium,2011,45.242828,259.649685,45.32456,354.918329,30528,10916.86,304.892513,400.24288900000005
2850,Belgium,2012,49.347354,285.860387,44.788168,396.080792,30528,10994.625,335.207741,440.86895999999996
2851,Belgium,2013,55.223965,289.465799,34.901898,417.427656,30528,11067.654,344.689764,452.32955400000003
2852,Belgium,2014,48.630145,316.423876,50.282285,466.88844,30528,11138.86,365.05402100000003,517.170725
2853,Belgium,2015,28.773347,323.249592,47.842807,419.325495,30528,11214.586,352.022939,467.168302
2854,Belgium,2016,26.250623,303.797771,36.203082,443.47776,30528,11282.021,330.04839400000003,479.680842
2855,Belgium,2017,25.101515,308.822175,42.244602,442.343115,30528,11351.651,333.92369,484.587717
2856,Belgium,2018,27.21895,303.407256,30.065954,419.394307,30528,11417.328,330.626206,449.460261
2857,Belgium,2019,35.500445,329.383914,30.326914,418.210684,30528,11479.863,364.884359,448.537598
2858,Belgium,2020,32.659097,356.335974,52.220753,432.264448,30528,11541.273,388.99507100000005,484.485201
2859,Belgium,2021,47.206168,340.145019,55.084286,430.998275,30528,11582.16,387.351187,486.082561
2860,Belgium,2022,63.541358,327.355557,58.521607,461.907361,30528,11640.679,390.896915,520.4289679999999
4563,Bulgaria,2002,2.204979,2.630393,10.698862,10.584757,110879,8004.225,4.835372,21.283619
4564,Bulgaria,2003,1.91262,3.293247,13.214331,7.683193,110879,7945.395,5.205867,20.897524
4565,Bulgaria,2004,2.783324,3.487269,7.947718,6.979919,110879,7890.084,6.270593,14.927637
4566,Bulgaria,2005,2.17608,1.720873,9.545586,37.866114,110879,7840.549,3.896953,47.4117
4567,Bulgaria,2006,1.849269,2.563994,10.210655,30.226077,110879,7789.894,4.413263000000001,40.436732
4568,Bulgaria,2007,2.440263,6.896362,50.735648,44.451914,110879,7742.178,9.336625,95.187562
4569,Bulgaria,2008,2.576529,20.799418,75.568479,34.607164,110879,7695.893,23.375947,110.175643
4570,Bulgaria,2009,2.794184,30.938768,99.792195,37.788817,110879,7653.933,33.732952,137.58101200000002
4571,Bulgaria,2010,3.220233,32.926248,73.516008,39.728352,110879,7615.538,36.146481,113.24436
4572,Bulgaria,2011,2.978936,15.189851,42.067784,43.876668,110879,7569.007,18.168787000000002,85.94445200000001
4573,Bulgaria,2012,2.422068,11.618163,42.892477,60.94171,110879,7517.253,14.040230999999999,103.834187
4574,Bulgaria,2013,2.42631,15.257406,37.848141,61.899515,110879,7459.435,17.683716,99.747656
4575,Bulgaria,2014,3.130998,20.034678,37.712939,95.687493,110879,7402.9,23.165675999999998,133.400432
4576,Bulgaria,2015,5.454237,24.352978,42.688217,84.33292,110879,7341.383,29.807215,127.02113700000001
4577,Bulgaria,2016,6.46092,11.330929,42.079582,70.995184,110879,7277.124,17.791849,113.074766
4578,Bulgaria,2017,5.299821,28.611531,41.20904,72.754434,110879,7214.825,33.911352,113.963474
4579,Bulgaria,2018,7.285825,29.319663,50.138298,78.515233,110879,7150.032,36.605488,128.653531
4580,Bulgaria,2019,7.341161,20.499012,55.521383,73.10116,110879,7084.829,27.840173,128.622543
4581,Bulgaria,2020,8.467873,18.647527,59.534456,92.785534,110879,7020.235,27.1154,152.31999
4582,Bulgaria,2021,8.642929,30.883466,72.202184,95.662021,110879,6938.114,39.526395,167.864205
4583,Bulgaria,2022,10.158757,30.675687,69.313363,79.113301,110879,6833.621,40.834444,148.42666400000002
6286,Croatia,2002,0.435426,0.709306,5.573143,28.625578,56594,4494.073,1.1447319999999999,34.198721
6287,Croatia,2003,0.367553,0.501087,6.340031,34.186247,56594,4471.664,0.86864,40.526278000000005
6288,Croatia,2004,0.604732,0.735327,6.073498,36.81837,56594,4450.613,1.3400590000000001,42.891868
6289,Croatia,2005,0.520232,0.758483,10.702629,36.445209,56594,4436.087,1.278715,47.147838
6290,Croatia,2006,0.780869,0.881811,12.342504,47.244577,56594,4423.276,1.66268,59.587081
6291,Croatia,2007,0.786518,0.795085,10.104256,51.642439,56594,4411.843,1.581603,61.746695
6292,Croatia,2008,0.790011,1.140455,11.914387,51.934199,56594,4399.221,1.930466,63.848586
6293,Croatia,2009,0.828812,0.804192,12.284868,53.803235,56594,4388.107,1.6330040000000001,66.088103
6294,Croatia,2010,0.5837,0.691716,14.429154,54.075047,56594,4376.152,1.2754159999999999,68.504201
6295,Croatia,2011,0.851808,0.852761,12.37139,50.540116,56594,4361.212,1.704569,62.911505999999996
6296,Croatia,2012,0.685484,1.190139,13.283489,49.18028,56594,4342.471,1.875623,62.463769
6297,Croatia,2013,1.034884,2.54527,12.597044,42.700203,56594,4320.718,3.580154,55.297247
6298,Croatia,2014,2.093632,5.479338,13.094904,43.381067,56594,4296.989,7.57297,56.475971
6299,Croatia,2015,1.794921,6.540503,8.685322,44.54746,56594,4270.955,8.335424,53.232782
6300,Croatia,2016,2.280819,9.87168,6.476805,44.225491,56594,4238.675,12.152498999999999,50.702296
6301,Croatia,2017,3.911717,12.373933,9.130504,47.974376,56594,4208.827,16.28565,57.10488
6302,Croatia,2018,4.356853,12.508539,8.938082,53.789068,56594,4176.106,16.865392,62.72715
6303,Croatia,2019,4.962838,19.344605,17.865788,58.132039,56594,4144.864,24.307443,75.997827
6304,Croatia,2020,4.6921,25.816791,19.105659,63.988762,56594,4114.639,30.508891,83.094421
6305,Croatia,2021,5.121132,28.047631,25.669986,79.189819,56594,4079.1,33.168763,104.859805
6306,Croatia,2022,6.07205,44.656802,26.015701,84.9131,56594,4041.171,50.728851999999996,110.92880099999999
8009,Cyprus,2002,0.34697,0.506926,1.492742,3.982403,9251,973.186,0.853896,5.475145
8010,Cyprus,2003,0.276259,0.526729,1.374717,6.197682,9251,991.203,0.802988,7.572399000000001
8011,Cyprus,2004,0.223919,0.434529,1.687608,8.551268,9251,1009.497,0.658448,10.238876000000001
8012,Cyprus,2005,0.18903,0.3539,1.896137,10.659124,9251,1027.872,0.54293,12.555261
8013,Cyprus,2006,0.33832,0.394554,0.53411,11.278428,9251,1046.251,0.732874,11.812538
8014,Cyprus,2007,0.66558,0.4113,1.074479,15.739597,9251,1064.625,1.07688,16.814076
8015,Cyprus,2008,0.65529,0.42862,2.203225,12.350772,9251,1083.121,1.08391,14.553996999999999
8016,Cyprus,2009,0.77136,0.542412,2.372045,13.312261,9251,1101.659,1.3137720000000002,15.684306
8017,Cyprus,2010,0.709841,0.55399,2.05583,13.880086,9251,1120.289,1.2638310000000001,15.935916
8018,Cyprus,2011,0.980379,0.618229,2.512906,18.015553,9251,1139.082,1.598608,20.528459
8019,Cyprus,2012,1.263804,0.649192,2.870766,22.085999,9251,1151.09,1.912996,24.956765
8020,Cyprus,2013,1.499598,0.661987,1.644091,16.341725,9251,1162.023,2.161585,17.985816
8021,Cyprus,2014,1.792656,0.623492,1.187308,19.75688,9251,1171.914,2.416148,20.944188
8022,Cyprus,2015,1.70016,0.530981,1.429791,19.665099,9251,1182.076,2.231141,21.094890000000003
8023,Cyprus,2016,1.216213,0.720186,1.177296,15.671766,9251,1192.484,1.936399,16.849062
8024,Cyprus,2017,1.510185,0.722048,1.095793,15.811404,9251,1203.279,2.232233,16.907197
8025,Cyprus,2018,5.669657,0.783714,2.200966,19.41582,9251,1213.767,6.453371,21.616786
8026,Cyprus,2019,4.008373,0.903236,2.105795,26.670844,9251,1223.895,4.9116089999999994,28.776639
8027,Cyprus,2020,3.467548,0.7349,1.189301,16.104625,9251,1233.778,4.2024479999999995,17.293926
8028,Cyprus,2021,3.334903,0.785522,2.094606,19.156349,9251,1241.296,4.120425,21.250954999999998
8029,Cyprus,2022,1.440264,0.919214,2.924636,20.155071,9251,1247.08,2.359478,23.079707
9732,Czechia,2002,0.438906,10.864122,36.405796,115.871837,78867,10232.614,11.303028,152.277633
9733,Czechia,2003,0.454485,14.769386,46.283575,99.97184,78867,10243.726,15.223871,146.255415
9734,Czechia,2004,0.478079,23.864119,55.729147,102.906001,78867,10252.349,24.342198,158.63514800000002
9735,Czechia,2005,0.346466,53.77935,62.603242,111.083384,78867,10269.649,54.125816,173.686626
9736,Czechia,2006,0.334611,50.880973,32.749948,137.447471,78867,10290.577,51.215584,170.19741900000002
9737,Czechia,2007,0.408127,55.420286,65.979544,132.379913,78867,10319.053,55.828413,198.359457
9738,Czechia,2008,4.578974,64.021654,89.037889,141.012427,78867,10356.605,68.600628,230.050316
9739,Czechia,2009,0.381969,77.431165,66.551789,146.28312,78867,10400.561,77.81313399999999,212.83490899999998
9740,Czechia,2010,0.459647,68.579787,84.584774,157.483698,78867,10442.459,69.039434,242.06847199999999
9741,Czechia,2011,0.605782,68.341011,69.632897,164.378792,78867,10487.039,68.946793,234.011689
9742,Czechia,2012,1.712922,60.910082,75.366578,139.293998,78867,10505.718,62.623004,214.660576
9743,Czechia,2013,1.953526,53.393441,75.550146,160.010504,78867,10516.411,55.34696700000001,235.56065
9744,Czechia,2014,2.834359,44.580843,69.647475,150.937507,78867,10512.694,47.415202,220.58498200000002
9745,Czechia,2015,1.782841,49.100463,53.582562,153.555776,78867,10521.669,50.883303999999995,207.138338
9746,Czechia,2016,1.085706,60.51952,76.589418,166.052626,78867,10525.926,61.605226,242.642044
9747,Czechia,2017,1.323647,61.258196,47.173228,175.097792,78867,10529.255,62.581843,222.27102
9748,Czechia,2018,1.117959,51.360647,56.100461,161.759998,78867,10533.355,52.478606,217.860459
9749,Czechia,2019,0.456901,46.105295,58.523947,162.589562,78867,10535.831,46.562196,221.113509
9750,Czechia,2020,0.609297,43.730633,61.887657,164.554716,78867,10537.911,44.339929999999995,226.442373
9751,Czechia,2021,0.880598,40.732268,27.674324,175.783304,78867,10523.996,41.612866,203.457628
9752,Czechia,2022,0.978754,48.08468,25.028385,203.151551,78867,10497.505,49.063434,228.179936
11455,Denmark,2002,1.638586,6.088827,13.33549,109.645948,43094,5370.181,7.727413,122.981438
11456,Denmark,2003,2.163877,5.274289,15.114657,115.894664,43094,5387.213,7.438165999999999,131.009321
11457,Denmark,2004,2.548517,3.759002,16.152579,113.210613,43094,5405.497,6.307519,129.363192
11458,Denmark,2005,2.267723,6.262505,15.658083,115.073928,43094,5425.675,8.530228000000001,130.732011
11459,Denmark,2006,2.07044,3.939829,15.058783,115.77765,43094,5446.95,6.010269,130.836433
11460,Denmark,2007,2.461454,5.55594,16.599326,117.119003,43094,5468.779,8.017394,133.718329
11461,Denmark,2008,2.22617,5.231256,14.439413,123.582057,43094,5490.665,7.457426,138.02147
11462,Denmark,2009,1.774415,2.922938,11.506761,113.679488,43094,5514.837,4.697353,125.186249
11463,Denmark,2010,2.538918,4.520469,14.287211,130.592049,43094,5538.067,7.059387,144.87926
11464,Denmark,2011,2.62943,3.522522,15.489167,134.557779,43094,5563.63,6.151952,150.04694600000002
11465,Denmark,2012,2.612127,4.116494,12.325583,130.7138,43094,5588.402,6.728621,143.039383
11466,Denmark,2013,2.805598,7.210118,11.029971,140.068719,43094,5613.517,10.015716,151.09868999999998
11467,Denmark,2014,3.305447,5.872467,6.925408,142.609604,43094,5637.252,9.177914000000001,149.535012
11468,Denmark,2015,2.766527,4.912304,7.930876,149.184131,43094,5664.053,7.678831,157.11500700000002
11469,Denmark,2016,2.960484,4.430869,7.633653,152.056713,43094,5691.539,7.3913530000000005,159.690366
11470,Denmark,2017,2.998405,4.306615,6.677958,149.986087,43094,5722.175,7.30502,156.664045
11471,Denmark,2018,3.038945,4.764692,7.366302,156.950232,43094,5752.394,7.803637,164.316534
11472,Denmark,2019,2.890121,5.484036,10.024476,159.594567,43094,5780.978,8.374157,169.619043
11473,Denmark,2020,2.500818,5.091088,7.198366,169.534804,43094,5810.778,7.591906,176.73317
11474,Denmark,2021,2.617948,6.201569,9.350925,174.163019,43094,5840.504,8.819517000000001,183.51394399999998
11475,Denmark,2022,2.744828,11.904417,9.779186,174.80974,43094,5867.977,14.649245,184.58892600000001
13178,Estonia,2002,0.033385,0.567098,3.181374,18.289382,45228,1383.395,0.600483,21.470756
13179,Estonia,2003,0.050502,0.400977,5.368244,16.081317,45228,1375.085,0.45147899999999996,21.449561
13180,Estonia,2004,0.057302,0.457361,3.684526,20.249263,45228,1366.236,0.514663,23.933788999999997
13181,Estonia,2005,0.256534,1.30299,3.283806,18.240233,45228,1358.725,1.5595240000000001,21.524039
13182,Estonia,2006,0.206745,1.239051,2.134975,22.202439,45228,1350.599,1.4457959999999999,24.337414
13183,Estonia,2007,0.376372,0.547137,1.620609,29.373148,45228,1342.82,0.9235089999999999,30.993757000000002
13184,Estonia,2008,0.12847,0.370402,1.069007,24.600788,45228,1338.329,0.498872,25.669795
13185,Estonia,2009,0.062418,0.819434,1.108143,26.004985,45228,1335.693,0.881852,27.113128000000003
13186,Estonia,2010,0.123891,0.975854,2.287131,24.553913,45228,1333.41,1.099745,26.841044
13187,Estonia,2011,0.231144,1.032959,1.739115,25.036778,45228,1329.66,1.264103,26.775893000000003
13188,Estonia,2012,0.114129,1.019706,1.216708,26.936485,45228,1325.198,1.133835,28.153193
13189,Estonia,2013,0.044675,1.112884,1.566378,26.872039,45228,1320.166,1.157559,28.438417
13190,Estonia,2014,0.076107,1.27558,1.075735,25.692324,45228,1315.797,1.3516869999999999,26.768059
13191,Estonia,2015,0.08428,0.950795,1.096518,25.831561,45228,1313.255,1.035075,26.928079
13192,Estonia,2016,0.229028,1.131946,1.633369,33.495748,45228,1316.058,1.360974,35.129117
13193,Estonia,2017,0.329629,2.130972,1.700794,46.85311,45228,1315.793,2.460601,48.553904
13194,Estonia,2018,0.374563,6.056838,1.580707,53.692733,45228,1319.304,6.431401,55.273439999999994
13195,Estonia,2019,0.397575,3.588591,1.408432,40.133147,45228,1324.991,3.986166,41.541579
13196,Estonia,2020,0.252699,3.956016,1.330499,45.110304,45228,1329.086,4.208715,46.440803
13197,Estonia,2021,0.378973,3.465141,1.610722,49.320268,45228,1329.802,3.8441140000000003,50.93099
13198,Estonia,2022,0.119341,2.619086,1.316975,44.167637,45228,1327.6,2.7384269999999997,45.484612
14901,Finland,2002,0.148344,1.770598,7.443897,69.056863,338145,5194.912,1.918942,76.50076000000001
14902,Finland,2003,0.221466,2.027471,6.28214,66.297011,338145,5206.279,2.2489369999999997,72.579151
14903,Finland,2004,0.118582,2.222393,7.397664,69.637258,338145,5219.699,2.340975,77.03492200000001
14904,Finland,2005,0.056489,1.726717,9.544783,71.953423,338145,5236.583,1.783206,81.498206
14905,Finland,2006,0.058275,1.584519,6.514121,82.181731,338145,5255.559,1.642794,88.695852
14906,Finland,2007,0.089809,2.029478,7.240206,81.016366,338145,5276.942,2.119287,88.256572
14907,Finland,2008,0.065473,1.857811,7.534614,86.156223,338145,5300.436,1.9232840000000002,93.690837
14908,Finland,2009,0.142346,1.087827,7.316604,81.654288,338145,5326.265,1.2301730000000002,88.97089199999999
14909,Finland,2010,0.49548,1.499176,8.654487,85.702016,338145,5351.365,1.994656,94.356503
14910,Finland,2011,0.947663,1.524728,9.521109,94.857858,338145,5375.178,2.472391,104.37896699999999
14911,Finland,2012,1.446889,1.68599,7.662176,82.999838,338145,5401.154,3.132879,90.662014
14912,Finland,2013,1.605328,1.180233,3.030358,86.904452,338145,5426.563,2.7855610000000004,89.93481000000001
14913,Finland,2014,1.535597,1.666201,3.271424,91.856262,338145,5451.18,3.201798,95.127686
14914,Finland,2015,1.717025,1.805031,2.757352,99.986352,338145,5471.699,3.522056,102.743704
14915,Finland,2016,1.342831,2.039813,4.205221,98.887628,338145,5487.223,3.382644,103.092849
14916,Finland,2017,0.882474,1.625275,2.563273,102.145792,338145,5503.215,2.507749,104.709065
14917,Finland,2018,0.699129,1.340045,3.393608,99.679713,338145,5513.064,2.039174,103.073321
14918,Finland,2019,0.720511,1.330601,3.351394,110.586556,338145,5517.858,2.051112,113.93795
14919,Finland,2020,0.749761,2.402635,3.402889,113.459751,338145,5525.215,3.152396,116.86264
14920,Finland,2021,1.099171,1.559867,3.168055,116.452551,338145,5533.721,2.659038,119.620606
14921,Finland,2022,0.196836,1.525979,1.981361,118.017619,338145,5538.263,1.722815,119.99898
16624,France,2002,47.173786,152.645906,190.633734,965.929754,643801,59193.575,199.819692,1156.563488
16625,France,2003,27.852295,121.730266,221.087283,968.810946,643801,59551.997,149.582561,1189.898229
16626,France,2004,25.955324,127.56567,297.842325,1005.924688,643801,59904.526,153.520994,1303.767013
16627,France,2005,26.719558,153.560842,304.031351,1014.717466,643801,60312.35,180.28040000000001,1318.748817
16628,France,2006,27.505347,154.782297,277.139427,1152.84683,643801,60707.809,182.287644,1429.986257
16629,France,2007,33.952459,186.437247,358.3507,1177.478589,643801,61130.491,220.38970600000002,1535.829289
16630,France,2008,34.57775,211.962654,397.689207,1128.589313,643801,61528.26,246.540404,1526.2785199999998
16631,France,2009,28.057607,254.415618,429.235607,1028.853946,643801,61913.758,282.473225,1458.089553
16632,France,2010,40.215175,300.355355,470.552166,989.192889,643801,62272.834,340.57052999999996,1459.745055
16633,France,2011,41.303437,274.065811,351.059488,1005.172391,643801,62616.3,315.36924799999997,1356.231879
16634,France,2012,42.385229,368.687396,386.381357,997.344654,643801,62934.237,411.07262499999996,1383.726011
16635,France,2013,44.084525,316.899476,357.205878,1064.346712,643801,63208.594,360.984001,1421.55259
16636,France,2014,46.408736,323.334177,368.249021,1086.810782,643801,63461.766,369.742913,1455.059803
16637,France,2015,46.52954,304.937467,353.031785,1108.763015,643801,63715.216,351.467007,1461.7948000000001
16638,France,2016,52.111009,294.294277,342.058376,1098.80332,643801,63904.322,346.40528600000005,1440.861696
16639,France,2017,57.896531,270.282022,334.127009,1089.059672,643801,64074.315,328.17855299999997,1423.1866810000001
16640,France,2018,57.351912,264.566008,351.40606,1117.754789,643801,64213.858,321.91792,1469.160849
16641,France,2019,57.490421,282.903936,351.31266,1164.358751,643801,64341.757,340.394357,1515.671411
16642,France,2020,52.332865,281.904619,377.754512,1173.719325,643801,64457.76,334.237484,1551.473837
16643,France,2021,35.756279,316.074391,421.092775,1183.988552,643801,64502.346,351.83067,1605.081327
16644,France,2022,43.201104,365.147215,551.78531,1168.96914,643801,64560.542,408.348319,1720.75445
18347,Germany,2002,47.558391,195.960063,82.199871,2269.04634,357022,81487.381,243.518454,2351.2462109999997
18348,Germany,2003,50.701058,192.711006,109.354123,2310.781338,357022,81399.472,243.412064,2420.135461
18349,Germany,2004,42.231333,195.947737,177.477246,2382.494054,357022,81294.147,238.17907,2559.9712999999997
18350,Germany,2005,40.361752,233.248852,178.489711,2281.539433,357022,81239.199,273.610604,2460.029144
18351,Germany,2006,37.549179,233.425199,100.222014,2411.501469,357022,81185.137,270.974378,2511.7234829999998
18352,Germany,2007,37.420287,206.188412,185.609696,2432.431817,357022,81170.496,243.608699,2618.041513
18353,Germany,2008,40.634942,200.460979,212.634237,2502.146746,357022,81197.165,241.095921,2714.780983
18354,Germany,2009,35.219419,280.285861,338.395121,2555.935068,357022,81237.799,315.50528,2894.330189
18355,Germany,2010,32.561136,247.100386,344.65411,2468.229129,357022,81283.431,279.661522,2812.883239
18356,Germany,2011,32.237448,279.621965,303.457017,2571.378397,357022,81366.749,311.859413,2874.835414
18357,Germany,2012,46.128309,285.715033,322.214477,2471.730757,357022,81480.007,331.843342,2793.945234
18358,Germany,2013,61.411973,293.301469,277.656785,2513.99652,357022,81611.124,354.713442,2791.6533050000003
18359,Germany,2014,30.078321,251.991229,266.402585,2558.201754,357022,81750.059,282.06955,2824.604339
18360,Germany,2015,32.05039,268.542944,232.861304,2557.856547,357022,81967.591,300.59333399999997,2790.717851
18361,Germany,2016,33.634571,238.599188,202.834431,2696.050508,357022,82178.861,272.233759,2898.8849389999996
18362,Germany,2017,41.164687,245.543724,207.690415,2704.272235,357022,82483.984,286.708411,2911.96265
18363,Germany,2018,41.636391,201.499873,169.088171,2713.03968,357022,82764.764,243.136264,2882.1278509999997
18364,Germany,2019,46.691161,194.321335,135.535809,2761.415821,357022,83028.627,241.012496,2896.95163
18365,Germany,2020,48.949405,209.486106,206.472896,2878.876149,357022,83267.655,258.435511,3085.349045
18366,Germany,2021,23.769845,221.226391,263.103014,2664.91217,357022,83390.32,244.996236,2928.015184
18367,Germany,2022,25.737768,217.141391,232.813807,2793.35033,357022,83426.789,242.879159,3026.164137
20070,Greece,2002,425.860975,415.093522,16.103706,49.334511,131957,11086.898,840.954497,65.438217
20071,Greece,2003,276.267699,388.013467,13.445332,61.012696,131957,11106.335,664.281166,74.458028
20072,Greece,2004,312.815798,311.14198,18.261947,58.94881,131957,11114.638,623.957778,77.210757
20073,Greece,2005,339.172454,455.531502,16.099826,52.199023,131957,11115.543,794.7039560000001,68.29884899999999
20074,Greece,2006,429.644102,597.429343,20.557942,58.125738,131957,11111.352,1027.073445,78.68368
20075,Greece,2007,274.087012,362.524675,15.450732,70.310279,131957,11100.834,636.6116870000001,85.761011
20076,Greece,2008,197.497043,365.780357,14.337165,56.053451,131957,11082.151,563.2774,70.39061600000001
20077,Greece,2009,122.608854,345.818518,12.121005,49.879896,131957,11065.096,468.427372,62.000901
20078,Greece,2010,215.16858,296.015367,12.107126,65.344954,131957,11045.896,511.183947,77.45208
20079,Greece,2011,167.37061,299.372186,13.676554,60.789386,131957,11021.67,466.742796,74.46594
20080,Greece,2012,154.896953,247.472914,13.759978,74.817359,131957,10987.779,402.369867,88.577337
20081,Greece,2013,163.346796,237.765657,18.409674,55.746693,131957,10939.49,401.112453,74.156367
20082,Greece,2014,199.125444,303.057926,19.049315,50.840181,131957,10889.521,502.18336999999997,69.88949600000001
20083,Greece,2015,221.61692,265.707789,20.282552,51.995247,131957,10836.416,487.324709,72.277799
20084,Greece,2016,188.477301,214.498179,22.744203,58.217439,131957,10776.866,402.97548,80.961642
20085,Greece,2017,132.131755,197.698447,60.153603,71.139482,131957,10722.618,329.830202,131.293085
20086,Greece,2018,115.075486,184.664232,52.05664,84.95551,131957,10661.839,299.739718,137.01215000000002
20087,Greece,2019,96.538432,177.056543,34.119769,66.968945,131957,10604.702,273.594975,101.08871400000001
20088,Greece,2020,109.969599,203.117499,35.650696,48.352353,131957,10543.346,313.087098,84.003049
20089,Greece,2021,152.373724,246.836181,35.192126,43.314877,131957,10481.118,399.20990500000005,78.507003
20090,Greece,2022,144.084615,224.426682,48.046113,54.492369,131957,10409.612,368.511297,102.53848199999999
21793,Hungary,2002,7.517246,51.659744,12.061961,88.680366,93028,10165.273,59.17699,100.742327
21794,Hungary,2003,10.422098,56.668075,8.139428,39.626029,93028,10131.53,67.09017300000001,47.765457000000005
21795,Hungary,2004,13.013213,71.019378,17.310468,28.702372,93028,10104.594,84.032591,46.01284
21796,Hungary,2005,10.762004,62.948703,15.194045,56.769002,93028,10084.391,73.710707,71.963047
21797,Hungary,2006,9.475679,54.544704,21.663756,81.243726,93028,10062.66,64.02038300000001,102.90748199999999
21798,Hungary,2007,12.43712,65.74539,10.928332,68.196749,93028,10051.465,78.18251000000001,79.125081
21799,Hungary,2008,7.087228,55.475322,5.233818,70.788078,93028,10030.878,62.56255,76.021896
21800,Hungary,2009,5.851174,45.595667,2.224134,71.200822,93028,10016.142,51.446841,73.42495600000001
21801,Hungary,2010,3.909869,56.341657,5.08074,78.299863,93028,10001.017,60.251526,83.38060300000001
21802,Hungary,2011,2.470883,27.554199,2.273409,94.389266,93028,9972.633,30.025082,96.66267500000001
21803,Hungary,2012,2.005651,21.705055,2.312827,71.523803,93028,9933.856,23.710706000000002,73.83663
21804,Hungary,2013,4.73867,24.028328,2.534746,78.243436,93028,9910.398,28.766997999999997,80.778182
21805,Hungary,2014,7.056804,22.097493,3.297496,90.262563,93028,9878.881,29.154297,93.560059
21806,Hungary,2015,4.437787,29.031703,5.69864,88.767108,93028,9856.921,33.46949,94.46574799999999
21807,Hungary,2016,6.192658,44.533909,5.182281,89.668762,93028,9831.571,50.726567,94.851043
21808,Hungary,2017,9.058535,72.110071,7.620406,84.23358,93028,9798.638,81.16860600000001,91.853986
21809,Hungary,2018,6.21785,62.081183,9.30504,82.956017,93028,9779.244,68.29903300000001,92.26105700000001
21810,Hungary,2019,7.629579,76.732561,8.145067,87.121336,93028,9773.471,84.36214000000001,95.266403
21811,Hungary,2020,10.815341,73.177625,11.783789,88.445248,93028,9770.12,83.99296600000001,100.229037
21812,Hungary,2021,6.911621,69.204769,17.589361,91.492248,93028,9731.025,76.11639,109.081609
21813,Hungary,2022,7.096347,95.194599,21.105376,96.113804,93028,9688.547,102.29094599999999,117.21918
23516,Ireland,2002,4.736442,1.167426,31.665689,70.799949,70273,3862.065,5.903868,102.465638
23517,Ireland,2003,4.372445,0.330819,28.421774,92.004415,70273,3926.45,4.703264,120.426189
23518,Ireland,2004,4.72444,0.130713,27.440676,87.13654,70273,3990.96,4.8551530000000005,114.57721599999999
23519,Ireland,2005,4.349695,0.204648,26.043361,80.054927,70273,4072.949,4.554342999999999,106.09828800000001
23520,Ireland,2006,4.923556,0.248057,22.55211,83.777402,70273,4169.482,5.171613,106.329512
23521,Ireland,2007,5.069106,0.349343,24.512565,87.634564,70273,4300.131,5.418449,112.14712899999999
23522,Ireland,2008,5.392779,0.385026,37.751797,75.824158,70273,4419.537,5.777805,113.575955
23523,Ireland,2009,4.50629,0.28588,36.821068,65.658696,70273,4485.248,4.79217,102.479764
23524,Ireland,2010,5.291742,0.059078,44.161632,66.208028,70273,4514.337,5.350820000000001,110.36966
23525,Ireland,2011,3.605526,0.14127,39.500606,67.083888,70273,4534.833,3.746796,106.584494
23526,Ireland,2012,3.20781,0.100346,37.764705,70.990261,70273,4554.169,3.308156,108.754966
23527,Ireland,2013,3.116123,0.08909,26.480557,68.194123,70273,4574.931,3.205213,94.67468000000001
23528,Ireland,2014,2.772952,0.077487,24.829471,67.347717,70273,4602.733,2.850439,92.177188
23529,Ireland,2015,2.858738,0.078073,27.336395,86.274589,70273,4641.602,2.9368109999999996,113.610984
23530,Ireland,2016,2.745251,0.08515,35.439809,77.944977,70273,4689.918,2.830401,113.38478599999999
23531,Ireland,2017,3.289206,0.07794,42.015488,74.99599,70273,4741.657,3.367146,117.01147800000001
23532,Ireland,2018,3.012568,0.192983,36.989405,75.656037,70273,4802.05,3.205551,112.645442
23533,Ireland,2019,3.459486,0.23522,34.904828,87.549703,70273,4866.964,3.694706,122.454531
23534,Ireland,2020,2.821724,0.090196,24.090012,85.970062,70273,4925.074,2.9119200000000003,110.060074
23535,Ireland,2021,3.249519,0.165923,19.486616,94.127261,70273,4967.164,3.4154419999999996,113.613877
23536,Ireland,2022,3.415792,0.339057,21.161346,100.535424,70273,5005.888,3.754849,121.69677000000001
25239,Italy,2002,1680.816565,2066.20884,100.742141,270.082134,301340,57007.923,3747.025405,370.824275
25240,Italy,2003,1124.717131,1879.096625,230.088019,289.498346,301340,57207.231,3003.813756,519.586365
25241,Italy,2004,1112.861106,1966.416052,160.617095,242.574664,301340,57643.12,3079.277158,403.19175900000005
25242,Italy,2005,1294.830143,1939.551853,140.757065,321.107426,301340,58078.202,3234.381996,461.864491
25243,Italy,2006,1609.094095,2187.499616,147.200641,472.960906,301340,58321.55,3796.593711,620.161547
25244,Italy,2007,1565.690362,2217.06221,319.06286,278.547195,301340,58538.256,3782.7525720000003,597.610055
25245,Italy,2008,1339.308375,2211.220121,521.553666,236.246895,301340,59018.709,3550.528496,757.800561
25246,Italy,2009,1173.703059,2125.274739,470.557176,305.983794,301340,59429.748,3298.977798,776.54097
25247,Italy,2010,2069.923145,2440.552172,1399.736294,232.990449,301340,59695.934,4510.475317,1632.7267430000002
25248,Italy,2011,2185.157872,2433.000381,1678.525607,329.428674,301340,59948.966,4618.158253,2007.954281
25249,Italy,2012,2048.540837,2221.71652,1223.258899,242.9198,301340,60102.937,4270.257357,1466.178699
25250,Italy,2013,2131.476965,2387.831589,1016.472788,358.348663,301340,60277.354,4519.308553999999,1374.821451
25251,Italy,2014,1889.14487,2380.227355,1035.819401,464.578946,301340,60347.845,4269.372225,1500.3983469999998
25252,Italy,2015,1904.5551,2293.135163,1177.337822,577.766715,301340,60297.738,4197.690263,1755.104537
25253,Italy,2016,2213.839646,2352.551144,1535.333549,550.314123,301340,60168.074,4566.3907899999995,2085.647672
25254,Italy,2017,1967.085442,2325.402426,1050.425269,665.903092,301340,60069.179,4292.487868,1716.328361
25255,Italy,2018,2056.398977,2391.367612,947.030988,889.273575,301340,59938.885,4447.766589,1836.3045630000001
25256,Italy,2019,2155.221006,2520.998985,1100.957899,789.6254,301340,59815.966,4676.219991,1890.583299
25257,Italy,2020,2199.527055,2562.813328,1097.086673,856.238246,301340,59639.898,4762.340383000001,1953.3249190000001
25258,Italy,2021,2068.75722,2366.776616,1578.10695,536.065214,301340,59361.259,4435.5338360000005,2114.172164
25259,Italy,2022,2049.21766,2636.675502,1125.49909,595.008235,301340,59119.4,4685.893162,1720.507325
26962,Latvia,2002,0.192106,1.34742,4.544882,19.927066,64589,2342.394,1.539526,24.471948
26963,Latvia,2003,0.212286,1.328947,5.290689,18.184979,64589,2309.894,1.541233,23.475668
26964,Latvia,2004,0.91656,5.064262,6.849924,27.417979,64589,2278.79,5.980822,34.267903
26965,Latvia,2005,1.192077,7.773298,11.491212,38.831104,64589,2248.096,8.965375,50.322316
26966,Latvia,2006,1.536707,17.750163,18.356591,46.567059,64589,2218.217,19.28687,64.92365000000001
26967,Latvia,2007,1.162678,20.183967,19.844626,39.166235,64589,2189.609,21.346645,59.010861000000006
26968,Latvia,2008,2.142415,16.421015,18.863957,34.202034,64589,2162.497,18.56343,53.065991
26969,Latvia,2009,1.008416,13.884774,15.308455,28.152584,64589,2138.327,14.89319,43.461039
26970,Latvia,2010,0.780875,13.82564,17.78006,24.324536,64589,2114.202,14.606515,42.104596
26971,Latvia,2011,1.086144,14.097168,17.156179,31.245477,64589,2088.859,15.183312,48.401656
26972,Latvia,2012,2.083717,10.287757,11.468441,30.768504,64589,2065.089,12.371474,42.236945
26973,Latvia,2013,3.105528,16.011169,11.366954,41.507305,64589,2042.183,19.116697,52.874259
26974,Latvia,2014,1.675846,10.291177,6.566118,50.051017,64589,2020.79,11.967023,56.617135000000005
26975,Latvia,2015,0.781231,26.793298,8.993664,78.013854,64589,2001.288,27.574529,87.00751799999999
26976,Latvia,2016,3.772994,35.236185,8.94667,72.368246,64589,1982.621,39.009178999999996,81.314916
26977,Latvia,2017,0.728068,21.271883,12.757008,56.983027,64589,1964.331,21.999951,69.740035
26978,Latvia,2018,0.70173,19.837769,12.15952,57.446084,64589,1945.394,20.539499000000003,69.605604
26979,Latvia,2019,0.825189,18.178651,5.239497,57.975793,64589,1925.867,19.003839999999997,63.21529
26980,Latvia,2020,1.302318,16.527326,10.944324,57.260762,64589,1907.244,17.829644,68.205086
26981,Latvia,2021,2.201594,18.303276,11.506407,53.24964,64589,1886.86,20.50487,64.756047
26982,Latvia,2022,8.498245,15.132892,15.210653,64.891124,64589,1860.978,23.631137000000003,80.101777
28685,Lithuania,2002,1.327858,3.681,8.287269,23.099969,65300,3538.696,5.008858,31.387238000000004
28686,Lithuania,2003,2.443697,2.4691,12.862514,21.143569,65300,3492.902,4.912796999999999,34.006083
28687,Lithuania,2004,1.9274,4.629702,14.269241,27.806692,65300,3446.448,6.557102,42.075933
28688,Lithuania,2005,2.076381,5.442773,16.817743,28.415877,65300,3398.734,7.519154,45.23362
28689,Lithuania,2006,12.615181,6.780145,14.480379,38.213566,65300,3348.332,19.395326,52.693945
28690,Lithuania,2007,24.960676,9.41984,22.040694,43.913861,65300,3297.531,34.380516,65.954555
28691,Lithuania,2008,45.880305,10.959325,17.921457,74.090781,65300,3247.304,56.83963,92.01223800000001
28692,Lithuania,2009,21.020407,7.086071,15.56929,46.68706,65300,3201.451,28.106478,62.256350000000005
28693,Lithuania,2010,31.793415,7.665551,25.288704,43.086992,65300,3159.507,39.458966,68.375696
28694,Lithuania,2011,49.953936,8.912656,19.980873,47.262546,65300,3118.53,58.866592,67.243419
28695,Lithuania,2012,74.668238,9.93678,26.243299,47.272289,65300,3081.065,84.605018,73.51558800000001
28696,Lithuania,2013,109.7403,16.789381,31.02101,69.72287,65300,3045.617,126.52968100000001,100.74388
28697,Lithuania,2014,87.627644,12.334525,18.63876,74.357023,65300,3010.762,99.962169,92.995783
28698,Lithuania,2015,82.254653,10.16705,11.637061,77.563573,65300,2979.093,92.42170300000001,89.20063400000001
28699,Lithuania,2016,39.130283,9.752939,15.75015,61.881835,65300,2948.436,48.883221999999996,77.631985
28700,Lithuania,2017,32.363076,9.171689,9.202433,58.067776,65300,2918.911,41.534765,67.270209
28701,Lithuania,2018,15.94756,7.714112,9.334675,63.064455,65300,2889.989,23.661672,72.39913
28702,Lithuania,2019,10.328184,7.724685,10.354966,61.273433,65300,2862.266,18.052869,71.628399
28703,Lithuania,2020,10.480359,6.993188,8.406963,71.66277,65300,2835.9,17.473547,80.069733
28704,Lithuania,2021,7.388193,6.405649,7.412243,64.148763,65300,2804.633,13.793842000000001,71.561006
28705,Lithuania,2022,4.659709,7.92553,5.67972,68.166767,65300,2768.668,12.585239000000001,73.846487
30366,Luxembourg,2002,0.02391,0.555781,0.06643,26.048305,2586,443.77,0.579691,26.114735
30367,Luxembourg,2003,0.0,0.394774,0.206166,21.138224,2586,448.055,0.394774,21.34439
30368,Luxembourg,2004,0.0009,0.43595,0.063684,21.344565,2586,454.648,0.43685,21.408248999999998
30369,Luxembourg,2005,0.0,0.451808,0.134362,18.068009,2586,460.929,0.451808,18.202371
30370,Luxembourg,2006,0.0,0.771564,0.116653,19.810091,2586,468.79,0.771564,19.926744
30371,Luxembourg,2007,0.00026,0.628722,0.1411,21.30973,2586,476.017,0.628982,21.45083
30372,Luxembourg,2008,0.001972,0.833999,0.200531,22.581198,2586,483.72,0.835971,22.781729000000002
30373,Luxembourg,2009,0.015011,0.975358,0.082509,22.919462,2586,493.551,0.9903689999999999,23.001971
30374,Luxembourg,2010,0.005912,1.304598,0.09802,19.22887,2586,502.185,1.3105099999999998,19.32689
30375,Luxembourg,2011,0.008921,1.322142,0.098975,17.167841,2586,511.954,1.3310629999999999,17.266816
30376,Luxembourg,2012,0.007501,1.22882,0.030681,18.357224,2586,524.458,1.236321,18.387905
30377,Luxembourg,2013,0.037021,1.491384,0.008354,17.452795,2586,536.711,1.528405,17.461149
30378,Luxembourg,2014,0.075521,1.757028,0.018739,19.315625,2586,549.42,1.832549,19.334364
30379,Luxembourg,2015,0.117851,1.743274,0.016102,19.937699,2586,562.719,1.861125,19.953801
30380,Luxembourg,2016,0.010826,1.835771,0.027179,20.960743,2586,576.096,1.846597,20.987922
30381,Luxembourg,2017,0.017721,1.70882,0.013981,21.031044,2586,590.606,1.726541,21.045025000000003
30382,Luxembourg,2018,0.013129,1.973345,0.015904,20.499706,2586,601.959,1.9864739999999999,20.51561
30383,Luxembourg,2019,0.018062,1.916147,0.022345,19.145023,2586,613.867,1.934209,19.167368
30384,Luxembourg,2020,0.073467,1.58058,0.033463,18.340842,2586,626.079,1.654047,18.374305
30385,Luxembourg,2021,0.011077,1.935347,0.006111,18.08802,2586,634.72,1.946424,18.094131
30386,Luxembourg,2022,0.009989,1.590213,0.006869,19.9195,2586,643.922,1.6002020000000001,19.926368999999998
32131,Malta,2002,0.082499,0.56697,12.000965,2.146971,316,403.547,0.649469,14.147936000000001
32132,Malta,2003,0.042225,0.0,12.369394,1.68942,316,405.85,0.042225,14.058814
32133,Malta,2004,3.77208,0.14066,7.764518,5.124135,316,407.988,3.91274,12.888653
32134,Malta,2005,6.239863,0.36322,7.80936,3.343975,316,409.609,6.603083,11.153335
32135,Malta,2006,6.555438,0.38766,11.936016,5.301865,316,410.807,6.943098,17.237881
32136,Malta,2007,6.72816,2.02826,11.471489,4.54942,316,411.588,8.75642,16.020909
32137,Malta,2008,4.231344,2.522869,5.158184,7.123029,316,412.574,6.754213,12.281213000000001
32138,Malta,2009,1.086675,3.067327,4.16272,7.853439,316,414.229,4.154002,12.016159
32139,Malta,2010,1.345209,2.894883,5.641082,6.644744,316,416.771,4.240092000000001,12.285826
32140,Malta,2011,0.915606,2.963539,2.451983,7.061741,316,420.739,3.879145,9.513724
32141,Malta,2012,0.943351,2.858193,0.584074,7.196737,316,426.403,3.801544,7.780811
32142,Malta,2013,0.83061,2.304743,1.49415,8.633643,316,433.411,3.1353530000000003,10.127792999999999
32143,Malta,2014,1.081258,2.680086,2.433556,8.838686,316,441.639,3.7613440000000002,11.272241999999999
32144,Malta,2015,1.109829,1.382978,3.30418,20.223898,316,451.243,2.492807,23.528077999999997
32145,Malta,2016,4.60522,0.435252,5.717655,9.906101,316,461.914,5.040472,15.623756
32146,Malta,2017,1.083132,0.49395,0.944986,11.565657,316,473.496,1.5770819999999999,12.510643
32147,Malta,2018,1.249677,0.331832,1.086341,12.08256,316,485.498,1.581509,13.168901000000002
32148,Malta,2019,1.281736,0.526731,2.550649,15.530728,316,497.674,1.8084669999999998,18.081377
32149,Malta,2020,1.238651,0.700988,3.564563,11.098273,316,509.595,1.9396390000000001,14.662836
32150,Malta,2021,1.635376,0.656862,0.692973,12.624609,316,521.121,2.2922379999999998,13.317582
32151,Malta,2022,1.533011,0.719828,2.648069,12.180947,316,532.375,2.252839,14.829016
33854,Netherlands,2002,312.768177,601.77644,35.076806,855.290374,41543,16020.93,914.544617,890.3671800000001
33855,Netherlands,2003,331.040024,670.348009,71.055169,775.03969,41543,16093.151,1001.3880330000001,846.0948589999999
33856,Netherlands,2004,360.837025,712.495703,74.11772,712.191015,41543,16162.007,1073.332728,786.308735
33857,Netherlands,2005,331.781532,683.501669,83.932184,705.448422,41543,16230.064,1015.283201,789.3806060000001
33858,Netherlands,2006,292.043122,733.144764,64.947073,891.621335,41543,16293.598,1025.187886,956.5684080000001
33859,Netherlands,2007,375.150412,774.471106,43.889917,780.550769,41543,16357.756,1149.621518,824.4406859999999
33860,Netherlands,2008,383.199156,829.754824,68.280671,810.564933,41543,16424.709,1212.95398,878.845604
33861,Netherlands,2009,382.487663,877.819773,67.592367,751.477909,41543,16496.831,1260.307436,819.0702759999999
33862,Netherlands,2010,383.831232,911.617406,86.992578,800.123354,41543,16575.584,1295.4486379999998,887.1159319999999
33863,Netherlands,2011,375.901336,984.256088,167.920025,706.513363,41543,16658.65,1360.157424,874.433388
33864,Netherlands,2012,380.876916,923.092722,206.152694,691.329075,41543,16744.294,1303.969638,897.481769
33865,Netherlands,2013,375.086023,982.012815,222.45817,814.557465,41543,16826.304,1357.0988380000001,1037.015635
33866,Netherlands,2014,429.34187,1014.243642,308.690093,793.283028,41543,16908.4,1443.585512,1101.973121
33867,Netherlands,2015,424.699606,1069.985036,345.596786,879.460281,41543,16999.762,1494.6846420000002,1225.057067
33868,Netherlands,2016,426.367217,1069.5421,319.792127,817.48482,41543,17082.453,1495.9093169999999,1137.276947
33869,Netherlands,2017,442.762398,1105.78719,299.867612,858.984098,41543,17166.557,1548.549588,1158.85171
33870,Netherlands,2018,437.787339,1112.227436,308.62382,854.197985,41543,17247.839,1550.0147749999999,1162.821805
33871,Netherlands,2019,448.123884,1093.150111,274.661302,920.51889,41543,17324.246,1541.273995,1195.180192
33872,Netherlands,2020,435.279108,1060.478248,267.949107,1054.241074,41543,17402.277,1495.7573559999998,1322.190181
33873,Netherlands,2021,452.034162,1014.313933,247.341611,1097.889469,41543,17466.838,1466.348095,1345.23108
33874,Netherlands,2022,474.461841,1031.882751,281.750758,1112.529321,41543,17536.553,1506.3445920000001,1394.2800790000001
35577,Poland,2002,3.864651,21.964193,38.76763,115.088291,312685,38657.746,25.828844,153.855921
35578,Poland,2003,6.930237,45.241929,23.304777,117.101862,312685,38637.207,52.172166,140.40663899999998
35579,Poland,2004,15.33483,51.202966,52.531509,130.023423,312685,38605.855,66.537796,182.554932
35580,Poland,2005,36.154176,66.001898,113.57421,178.191149,312685,38586.229,102.15607399999999,291.765359
35581,Poland,2006,34.513318,73.433285,61.965431,226.160961,312685,38565.593,107.946603,288.126392
35582,Poland,2007,49.258126,82.256361,129.435941,288.152915,312685,38528.766,131.514487,417.588856
35583,Poland,2008,53.148959,112.204658,143.120357,314.9196,312685,38514.981,165.35361699999999,458.039957
35584,Poland,2009,44.875976,97.068971,119.631139,386.685715,312685,38530.784,141.944947,506.31685400000003
35585,Poland,2010,51.175597,104.060182,261.170297,385.022977,312685,38579.785,155.235779,646.193274
35586,Poland,2011,66.273807,99.501106,161.602981,468.989832,312685,38614.921,165.774913,630.592813
35587,Poland,2012,80.671251,113.014778,192.371635,465.164266,312685,38626.773,193.68602900000002,657.535901
35588,Poland,2013,100.551163,105.517433,168.128561,519.506218,312685,38624.974,206.068596,687.634779
35589,Poland,2014,93.908572,130.931919,186.924161,508.853716,312685,38589.731,224.840491,695.777877
35590,Poland,2015,66.825509,164.403364,194.198114,578.975824,312685,38574.014,231.22887300000002,773.173938
35591,Poland,2016,62.913079,177.216634,275.492292,473.846135,312685,38532.278,240.129713,749.338427
35592,Poland,2017,59.930368,193.63392,269.697611,446.503406,312685,38531.947,253.56428799999998,716.201017
35593,Poland,2018,54.878869,200.894262,331.748609,543.64793,312685,38533.677,255.773131,875.396539
35594,Poland,2019,56.997479,187.230285,300.751532,570.002974,312685,38509.236,244.227764,870.754506
35595,Poland,2020,61.169808,185.478654,366.188311,573.991484,312685,38477.966,246.648462,940.179795
35596,Poland,2021,52.374006,193.196809,405.797245,580.65699,312685,38378.767,245.570815,986.4542349999999
35597,Poland,2022,75.426393,202.698143,370.637878,676.464635,312685,38236.684,278.124536,1047.102513
37300,Portugal,2002,436.548093,505.683311,0.706923,81.838078,92090,10404.375,942.231404,82.545001
37301,Portugal,2003,464.765612,525.675147,0.896888,56.000177,92090,10457.452,990.4407590000001,56.897065
37302,Portugal,2004,402.109821,485.891981,2.432261,61.241733,92090,10489.235,888.001802,63.673994
37303,Portugal,2005,471.499829,514.639389,12.551034,74.311165,92090,10513.809,986.139218,86.862199
37304,Portugal,2006,564.657105,619.508557,0.610616,144.694274,92090,10532.82,1184.1656619999999,145.30489
37305,Portugal,2007,659.290692,710.515338,2.383277,114.803524,92090,10555.073,1369.8060300000002,117.186801
37306,Portugal,2008,598.707009,740.812646,15.626676,101.179878,92090,10576.029,1339.519655,116.806554
37307,Portugal,2009,602.165111,762.174844,21.215786,131.092295,92090,10585.892,1364.339955,152.30808100000002
37308,Portugal,2010,617.039462,656.945573,10.818875,181.188815,92090,10596.794,1273.985035,192.00769
37309,Portugal,2011,719.369123,693.932972,1.023927,297.315836,92090,10580.008,1413.302095,298.339763
37310,Portugal,2012,676.514804,755.687997,4.650334,314.291436,92090,10549.644,1432.202801,318.94176999999996
37311,Portugal,2013,753.031031,868.78446,1.748419,386.14087,92090,10494.528,1621.8154909999998,387.889289
37312,Portugal,2014,719.302261,855.799552,1.087766,259.961136,92090,10434.542,1575.101813,261.048902
37313,Portugal,2015,805.672335,958.495046,6.439272,300.661028,92090,10382.202,1764.167381,307.1003
37314,Portugal,2016,708.211397,974.167485,1.471395,229.994617,92090,10348.669,1682.378882,231.466012
37315,Portugal,2017,906.018071,1002.285876,5.768446,315.358705,92090,10316.837,1908.3039469999999,321.12715099999997
37316,Portugal,2018,924.354034,1020.275981,1.77727,253.018268,92090,10298.223,1944.630015,254.795538
37317,Portugal,2019,842.879023,969.292572,5.101165,312.482349,92090,10281.447,1812.1715949999998,317.583514
37318,Portugal,2020,942.87872,1135.095163,16.398058,318.275039,92090,10298.399,2077.973883,334.673097
37319,Portugal,2021,819.550778,1194.17828,66.911639,311.021878,92090,10297.984,2013.7290580000001,377.933517
37320,Portugal,2022,857.626734,1412.999841,49.729821,265.220217,92090,10282.222,2270.6265750000002,314.950038
39023,Romania,2002,0.351283,1.589496,103.47987,16.438865,238391,21734.508,1.940779,119.918735
39024,Romania,2003,0.746762,3.510746,126.772262,13.682917,238391,21572.556,4.2575080000000005,140.455179
39025,Romania,2004,0.545662,0.3005,207.612322,8.213679,238391,21390.084,0.846162,215.82600100000002
39026,Romania,2005,0.509365,0.474693,181.897853,13.711266,238391,21188.487,0.9840579999999999,195.609119
39027,Romania,2006,0.389193,0.388306,190.201083,16.04155,238391,20996.04,0.7774989999999999,206.242633
39028,Romania,2007,0.313265,0.420269,198.934486,44.618317,238391,20822.763,0.733534,243.55280299999998
39029,Romania,2008,0.576277,1.147032,146.022532,80.338213,238391,20665.697,1.723309,226.360745
39030,Romania,2009,0.199377,5.269795,139.168896,65.038129,238391,20529.319,5.469172,204.207025
39031,Romania,2010,0.300487,2.770473,183.716901,75.563802,238391,20403.317,3.07096,259.280703
39032,Romania,2011,0.420524,6.870764,107.134428,65.324744,238391,20267.105,7.291288000000001,172.459172
39033,Romania,2012,0.825575,10.345091,131.484872,78.129575,238391,20173.465,11.170666,209.61444699999998
39034,Romania,2013,0.727022,6.380381,73.412034,108.378582,238391,20100.771,7.107403,181.790616
39035,Romania,2014,0.71869,15.750941,108.321544,114.190202,238391,20032.321,16.469631,222.51174600000002
39036,Romania,2015,1.204321,3.216968,130.682127,125.964871,238391,19959.35,4.421289,256.646998
39037,Romania,2016,1.917307,1.373213,143.503029,108.438039,238391,19852.808,3.29052,251.941068
39038,Romania,2017,2.309053,1.678092,104.795545,134.500483,238391,19742.832,3.987145,239.296028
39039,Romania,2018,1.942129,2.402433,139.467023,118.685055,238391,19654.874,4.344562,258.152078
39040,Romania,2019,3.446996,2.581464,134.050848,137.972097,238391,19558.692,6.02846,272.022945
39041,Romania,2020,5.560798,2.913029,177.149341,131.508639,238391,19489.73,8.473827,308.65797999999995
39042,Romania,2021,4.090998,8.273303,164.616136,121.412132,238391,19394.347,12.364301000000001,286.028268
39043,Romania,2022,6.457377,7.579679,138.429508,120.298035,238391,19262.773,14.037056,258.72754299999997
40746,Slovakia,2002,0.066039,23.729696,11.215122,26.589257,49035,5375.76,23.795735,37.804379
40747,Slovakia,2003,0.006189,21.936691,13.817663,27.014252,49035,5374.652,21.94288,40.831914999999995
40748,Slovakia,2004,0.014568,9.793633,9.920896,35.231248,49035,5374.099,9.808201,45.152144
40749,Slovakia,2005,0.04233,5.289798,3.47588,52.529827,49035,5375.762,5.332128,56.005707
40750,Slovakia,2006,0.824956,13.626913,4.370773,59.203581,49035,5376.721,14.451869,63.574354
40751,Slovakia,2007,0.090344,10.833633,5.348807,57.541591,49035,5377.75,10.923977,62.890398
40752,Slovakia,2008,0.40146,13.225702,5.548437,57.177241,49035,5379.014,13.627162,62.725678
40753,Slovakia,2009,0.042078,12.626008,6.269714,65.040152,49035,5384.257,12.668086,71.309866
40754,Slovakia,2010,0.025771,7.409017,3.000186,71.52244,49035,5393.596,7.434788,74.522626
40755,Slovakia,2011,0.066855,5.990399,0.647775,67.535569,49035,5399.252,6.057254,68.18334399999999
40756,Slovakia,2012,0.011481,7.08883,0.419309,66.714282,49035,5406.107,7.100311,67.133591
40757,Slovakia,2013,0.03129,6.86563,0.305149,62.458069,49035,5412.46,6.896920000000001,62.763218
40758,Slovakia,2014,0.020335,6.456562,0.704503,64.307618,49035,5417.018,6.476897,65.01212100000001
40759,Slovakia,2015,0.010457,7.157831,0.317735,64.724123,49035,5422.12,7.1682879999999995,65.041858
40760,Slovakia,2016,0.022289,6.924673,0.37268,63.960969,49035,5426.769,6.946962,64.333649
40761,Slovakia,2017,0.089563,6.111015,1.191321,61.204903,49035,5435.638,6.200578,62.396224000000004
40762,Slovakia,2018,0.052494,5.678154,0.556964,63.922505,49035,5443.195,5.730648,64.479469
40763,Slovakia,2019,0.037901,8.365194,0.759622,70.700684,49035,5450.296,8.403095,71.46030599999999
40764,Slovakia,2020,0.011654,9.29702,0.448747,79.356384,49035,5457.552,9.308674,79.805131
40765,Slovakia,2021,0.024184,9.565344,0.940095,78.561597,49035,5455.809,9.589528,79.501692
40766,Slovakia,2022,0.098697,11.796703,1.302133,79.283167,49035,5439.435,11.8954,80.5853
42469,Slovenia,2002,0.219286,0.13504,8.231761,17.332054,20273,1981.479,0.35432600000000003,25.563814999999998
42470,Slovenia,2003,0.23487,0.632301,10.574209,17.980441,20273,1986.055,0.867171,28.55465
42471,Slovenia,2004,0.848892,0.447911,5.174985,20.402209,20273,1992.768,1.296803,25.577194
42472,Slovenia,2005,1.194482,1.410107,11.435284,18.224192,20273,2000.675,2.604589,29.659475999999998
42473,Slovenia,2006,1.337468,3.622646,8.256736,23.377092,20273,2008.882,4.960114,31.633828
42474,Slovenia,2007,2.970076,10.549656,10.272668,27.669638,20273,2018.257,13.519732000000001,37.942306
42475,Slovenia,2008,4.004147,10.190464,9.039342,30.900768,20273,2028.201,14.194611,39.94011
42476,Slovenia,2009,2.019333,11.068008,12.688764,29.905543,20273,2039.865,13.087341,42.594307
42477,Slovenia,2010,2.695623,14.711365,16.523588,28.505787,20273,2051.291,17.406988000000002,45.029375
42478,Slovenia,2011,3.697092,16.525383,15.363865,28.328568,20273,2063.284,20.222475000000003,43.692433
42479,Slovenia,2012,4.844118,11.288917,8.596773,27.421931,20273,2067.622,16.133035,36.018704
42480,Slovenia,2013,6.26487,15.568374,14.481677,28.243125,20273,2071.086,21.833244,42.724802
42481,Slovenia,2014,12.370478,46.752196,46.89107,33.036198,20273,2073.663,59.122673999999996,79.927268
42482,Slovenia,2015,16.757914,26.368983,26.729207,32.599015,20273,2076.171,43.126897,59.328222
42483,Slovenia,2016,10.978801,20.005634,19.562555,32.522872,20273,2085.553,30.984435,52.085426999999996
42484,Slovenia,2017,5.311987,8.027397,8.551995,30.346458,20273,2094.487,13.339384,38.898452999999996
42485,Slovenia,2018,4.158304,3.852015,3.561411,31.924497,20273,2102.297,8.010319,35.485908
42486,Slovenia,2019,3.170695,4.092891,3.710888,35.887872,20273,2109.551,7.263586,39.59876
42487,Slovenia,2020,2.824505,9.054812,2.113993,38.345986,20273,2116.252,11.879317,40.459979000000004
42488,Slovenia,2021,2.382059,16.819125,2.07209,54.57429,20273,2119.03,19.201183999999998,56.64638
42489,Slovenia,2022,2.798218,18.426734,2.65082,77.047751,20273,2119.789,21.224952,79.698571
44192,Spain,2002,527.426394,1744.554492,24.054223,102.794374,505370,41083.313,2271.980886,126.84859700000001
44193,Spain,2003,521.78448,1798.76269,20.726627,121.148399,505370,41871.997,2320.54717,141.875026
44194,Spain,2004,563.008403,1795.381975,20.854631,124.03128,505370,42588.544,2358.390378,144.885911
44195,Spain,2005,526.92682,1778.114408,17.593552,222.025349,505370,43330.788,2305.041228,239.618901
44196,Spain,2006,746.595952,2055.760688,25.897523,200.413762,505370,44039.96,2802.35664,226.311285
44197,Spain,2007,815.653304,2034.077748,33.757949,291.525567,505370,44805.702,2849.731052,325.283516
44198,Spain,2008,700.965721,2014.541878,46.621924,324.417293,505370,45685.862,2715.507599,371.03921699999995
44199,Spain,2009,664.26386,2002.129495,58.533137,397.594091,505370,46247.214,2666.393355,456.127228
44200,Spain,2010,629.866998,1702.35891,48.147034,344.119395,505370,46488.33,2332.225908,392.266429
44201,Spain,2011,732.416017,2059.795164,38.087983,375.414989,505370,46657.215,2792.211181,413.502972
44202,Spain,2012,575.059919,1970.073935,63.832443,326.425602,505370,46801.25,2545.1338539999997,390.25804500000004
44203,Spain,2013,716.093894,2301.727305,43.024267,402.239775,505370,46710.913,3017.821199,445.264042
44204,Spain,2014,689.83466,2408.422449,42.623189,439.947074,505370,46496.005,3098.257109,482.570263
44205,Spain,2015,810.667371,2716.629557,57.220715,470.292239,505370,46433.097,3527.296928,527.512954
44206,Spain,2016,799.370919,2564.350198,60.752827,440.820226,505370,46429.587,3363.721117,501.573053
44207,Spain,2017,947.561628,2806.327522,61.242234,467.00902,505370,46517.043,3753.88915,528.251254
44208,Spain,2018,1090.607868,3048.973854,74.527651,413.299746,505370,46651.296,4139.581722,487.827397
44209,Spain,2019,1281.786805,3147.496871,79.381574,394.70612,505370,46932.79,4429.283676,474.087694
44210,Spain,2020,1204.828356,3313.243268,123.933096,401.674279,505370,47329.954,4518.071624,525.607375
44211,Spain,2021,1096.66696,2909.17239,246.775612,413.22927,505370,47397.66,4005.83935,660.004882
44212,Spain,2022,929.85684,2877.64142,233.988676,589.023054,505370,47576.21,3807.49826,823.01173
45915,Sweden,2002,2.092488,8.490851,10.090751,231.233637,450295,8910.203,10.583338999999999,241.324388
45916,Sweden,2003,2.091973,8.521422,18.202403,221.802888,450295,8941.821,10.613394999999999,240.005291
45917,Sweden,2004,2.68977,3.207086,23.808899,234.876553,450295,8981.192,5.896856,258.685452
45918,Sweden,2005,2.834295,10.213437,25.443842,222.650086,450295,9027.333,13.047732,248.09392799999998
45919,Sweden,2006,4.915573,11.122343,22.611438,240.401176,450295,9076.143,16.037916000000003,263.012614
45920,Sweden,2007,3.656331,11.442805,17.261541,222.604694,450295,9133.296,15.099136,239.866235
45921,Sweden,2008,2.558641,10.700733,17.571983,227.587788,450295,9195.249,13.259374,245.15977099999998
45922,Sweden,2009,3.430572,13.558618,25.090711,225.757258,450295,9263.292,16.98919,250.847969
45923,Sweden,2010,3.498865,11.992199,25.930984,250.113697,450295,9339.534,15.491064,276.044681
45924,Sweden,2011,5.105096,11.910691,24.800802,281.629811,450295,9423.925,17.015787,306.430613
45925,Sweden,2012,8.576746,13.477256,24.143884,250.106603,450295,9510.85,22.054002,274.250487
45926,Sweden,2013,10.398731,15.248673,27.351343,233.038968,450295,9601.123,25.647404,260.390311
45927,Sweden,2014,9.426172,16.513201,22.388291,281.225037,450295,9696.741,25.939372999999996,303.61332799999997
45928,Sweden,2015,9.061543,17.724474,30.616699,267.001333,450295,9798.276,26.786017,297.61803199999997
45929,Sweden,2016,7.453901,18.111272,24.070621,292.993676,450295,9900.421,25.565173,317.064297
45930,Sweden,2017,7.367984,18.485423,28.282445,334.074534,450295,10006.213,25.853407,362.356979
45931,Sweden,2018,7.812568,19.778307,16.37656,338.624968,450295,10110.167,27.590875,355.001528
45932,Sweden,2019,8.393544,17.441394,18.855582,344.769853,450295,10214.429,25.834938,363.62543500000004
45933,Sweden,2020,8.485296,17.23855,22.09808,355.088653,450295,10321.414,25.723846,377.186733
45934,Sweden,2021,8.18562,18.955151,21.136356,335.769082,450295,10416.525,27.140771,356.905438
45935,Sweden,2022,8.298214,19.649557,17.355089,353.319903,450295,10517.669,27.947771000000003,370.67499200000003
